id,user_location,date,text,source,Classification,Confidence
1.34E+18,"La Crescenta-Montrose, CA",20-12-20 6:06,Same folks said daikon paste could treat a cytokine storm #PfizerBioNTech https://t.co/xeHhIMg1kF,Twitter for Android,Neutral,0.316
1.34E+18,"San Francisco, CA",13-12-20 16:27,"While the world has been on the wrong side of history this year, hopefully, the biggest vaccination effort we've ev‚Ä¶ https://t.co/dlCHrZjkhm",Twitter Web App,Neutral,0.597
1.34E+18,Your Bed,12-12-20 20:33,#coronavirus #SputnikV #AstraZeneca #PfizerBioNTech #Moderna #Covid_19 Russian vaccine is created to last 2-4 years‚Ä¶ https://t.co/ieYlCKBr8P,Twitter for Android,Neutral,1
1.34E+18,"Vancouver, BC - Canada",12-12-20 20:23,"Facts are immutable, Senator, even when you're not ethically sturdy enough to acknowledge them. (1) You were born i‚Ä¶ https://t.co/jqgV18kch4",Twitter Web App,Negative,0.279
1.34E+18,,12-12-20 20:17,Explain to me again why we need a vaccine @BorisJohnson @MattHancock #whereareallthesickpeople #PfizerBioNTech‚Ä¶ https://t.co/KxbSRoBEHq,Twitter for iPhone,Neutral,0.445
1.34E+18,"Birmingham, England",12-12-20 20:11,Does anyone have any useful advice/guidance for whether the COVID vaccine is safe whilst breastfeeding?‚Ä¶ https://t.co/EifsyQoeKN,Twitter for iPhone,Neutral,0.937
1.34E+18,"Austria, Ukraine and Kosovo",12-12-20 20:06,"it is a bit sad to claim the fame for success of #vaccination on patriotic competition between USA, Canada, UK and‚Ä¶ https://t.co/IfMrAyGyTP",Twitter Web App,Neutral,0.575
1.34E+18,,12-12-20 20:04,"There have not been many bright days in 2020 but here are some of the best 
1. #BidenHarris winning #Election2020‚Ä¶ https://t.co/77u4f8XXfx",Twitter for iPhone,Positive,0.454
1.34E+18,,12-12-20 20:01,"Covid vaccine; You getting it?

 #CovidVaccine #covid19 #PfizerBioNTech #Moderna",Twitter Web App,Negative,0.628
1.34E+18,Islamabad,12-12-20 19:30,"#CovidVaccine 

States will start getting #COVID19Vaccine Monday, #US says 
#pakustv #NYC #Healthcare #GlobalGoals‚Ä¶ https://t.co/MksOvBvs5w",Twitter Web App,Neutral,0.672
1.34E+18,Turkey-Israel,12-12-20 19:29,"while deaths are closing in on the 300,000 mark... millions of people wait #PfizerBioNTech #Vaccine !
-
The first U‚Ä¶ https://t.co/uQ3A2f7SVP",Twitter Web App,Positive,0.486
1.34E+18,,12-12-20 19:22,@cnnbrk #COVID19 #CovidVaccine #vaccine #Corona   #PfizerBioNTech #bbcnews #NYTimes #BBCNews Best wishes to the US‚Ä¶ https://t.co/9xWmfU3LZj,Twitter Web App,Neutral,0.821
1.34E+18,India,12-12-20 17:45,The agency also released new information for health care providers and for patients as the US shipped millions of d‚Ä¶ https://t.co/sG6BtD7jD9,TweetDeck,Neutral,0.924
1.34E+18,,12-12-20 17:19,For all the women and healthcare providers who have been asking about the safety of the #PfizerBioNTech‚Ä¶ https://t.co/ow0Pglkwte,Twitter for iPhone,Neutral,0.624
1.34E+18,,12-12-20 17:10,"""Expect 145 sites across all the states to receive vaccine on Monday, another 425 sites on Tuesday,"" said the offic‚Ä¶ https://t.co/HiUVYJzOBY",TweetDeck,Neutral,0.413
1.34E+18,"London, England",12-12-20 16:00,"Trump announces #vaccine rollout 'in less than 24 hours'

The first Americans will be vaccinated against‚Ä¶ https://t.co/2FzQSMnhoY",Twitter for iPhone,Neutral,0.323
1.34E+18,Global,12-12-20 15:59,"UPDATED: #YellowFever &amp; #COVID19 #ImmunityPassports - Part Two

#SARSCoV2 #PfizerBioNtech #Britain #December‚Ä¶ https://t.co/qKT7Rst9aW",Twitter Web App,Positive,1
1.34E+18,T√ºrkiye,12-12-20 15:38,"Coronavirus: Iran reports 8,201 new cases, 221 deaths in the last 24 hours #Iran #coronavirus #PfizerBioNTech‚Ä¶ https://t.co/mwDNAdmb7F",TweetDeck,Neutral,0.915
1.34E+18,"Bristol, UK",12-12-20 15:27,.@Pfizer will rake in billions from its expensive #CovidVaccine but @AlbertBourla refuses to cut the price for lowe‚Ä¶ https://t.co/eC94w3TUl0,Twitter for Android,Neutral,0.618
1.34E+18,"Los Angeles, CA",12-12-20 15:10,"The trump administration failed to deliver on vaccine promises, *shocker* #COVIDIOTS #coronavirus #CovidVaccine‚Ä¶ https://t.co/hew6eHTUrD",Twitter for iPhone,Neutral,0.455
1.34E+18,,12-12-20 15:00,How much did the #fda get paid to approve this all of a sudden now? money makes the world go around. #vaccine‚Ä¶ https://t.co/GT9qVVNbKj,Twitter Web App,Neutral,0.453
1.34E+18,"Rochester, NY",12-12-20 14:59,Anyone wondering why day after #PfizerBioNTech approval in the UK people were getting vaccinated but all we are tol‚Ä¶ https://t.co/tPSyL9CUYE,Twitter for iPhone,Neutral,0.43
1.34E+18,"London, England",12-12-20 14:59,"Trump announces #vaccine rollout 'in less than 24 hours'

The first Americans will be vaccinated against‚Ä¶ https://t.co/P9esXr3zpS",Buffer,Neutral,0.317
1.34E+18,"Mumbai, India",12-12-20 14:58,The US Food and Drug Administration (FDA) has granted emergency use authorization to Pfizer-BioNTech's mRNA‚Ä¶ https://t.co/dPLokxGtBa,Twitter Web App,Neutral,1
1.34E+18,,12-12-20 14:46,"Presenting you the top Medical News/Advancement of the past week you don't want to miss!

#docnosofficial #covid19‚Ä¶ https://t.co/qOd5TPLYvA",Twitter Web App,Negative,0.571
1.34E+18,"Nottingham, England",12-12-20 14:43,"No.1 of 2 done.

#ThankYouNHS @NHSuk @MHRAgovuk and #PfizerBioNTech @pfizer for making the #CovidVaccine dream poss‚Ä¶ https://t.co/3KvJ7UP432",Twitter Web App,Positive,0.949
1.34E+18,Turkey-Israel,12-12-20 14:42,"Wear a mask, wash your hands, and remain socially distant when possible. #stayhome #StayAtHome #StayAtHomeSaveLives‚Ä¶ https://t.co/Jrlrg6bm0w",Twitter Web App,Neutral,0.807
1.34E+18,"Crete, Greece",12-12-20 14:41,"‚Å¶@AvgerinosMoscow‚Å© #PfizerBioNTech #FDA approval Apprentice Style!
‚Å¶@realDonaldTrump‚Å©: ‚ÄúApprove the #vaccine or you‚Ä¶ https://t.co/f64cOP5DV6",Twitter for iPad,Neutral,0.908
1.34E+18,"Rome, Italy",12-12-20 14:26,"Interesting and very detailed article showing up how a well tested #supplychain, with #sharedvisibility will help d‚Ä¶ https://t.co/yt3vn67mVg",Twitter for iPad,Neutral,0.614
1.34E+18,Not Today ,12-12-20 14:11,üíâ #Vaccine #TrumpVaccine #AstraZeneca #PfizerBioNTech #Pfizervaccine #PfizerCovidVaccine  #Pfizer's COVID-19 belong‚Ä¶ https://t.co/ldxQhN6uix,Twitter for iPhone,Neutral,0.504
1.34E+18,London,12-12-20 14:04,"@ZubyMusic 6 deaths so far. 
It's only death, nothing to worry about then ü§î
#CovidVaccines
#Pfizervaccine‚Ä¶ https://t.co/HkGTDM5J3f",Twitter for Android,Positive,1
1.34E+18,"Berlin, Germany",12-12-20 13:56,@sbnumb3 @nytimes Please don‚Äôt spread fake news! There is no evidence that these cases are linked to the‚Ä¶ https://t.co/bMcAhIPR5g,Twitter for iPhone,Neutral,0.727
1.34E+18,"Cranbury, NJ",12-12-20 13:00,"#ICYMI The #FDA Authorized the #PfizerBioNTech #COVID19 #Vaccine for the United States last night

https://t.co/CtYGB3fNnE",TweetDeck,Neutral,0.846
1.34E+18,"Cork, Ireland",12-12-20 12:54,All respect to due process but why not give approval now instead of the 29th of December. Surely multiple other cou‚Ä¶ https://t.co/Xv0SRv1Ukw,Twitter for iPhone,Positive,0.445
1.34E+18,"London, England",12-12-20 12:54,Vaccine!! Anyone?? #covid #Pfizervaccine #PfizerBioNTech https://t.co/b9ZKwnlIkX,Twitter for Android,Neutral,0.362
1.34E+18,"Nottinghamshire, England",12-12-20 12:42,"An immigrant Muslim couple find the COVID-19 Vaccine. 

#CovidVaccine #PfizerBioNTech #Pfizervaccine #PfizerProud",Twitter for iPhone,Neutral,0.841
1.34E+18,,12-12-20 12:26,"The #FDA finally issues #EUA now comes the problem transporting this #PfizerBioNTech vaccine, needs to be kept at -‚Ä¶ https://t.co/NvaGyoo2yD",Twitter Web App,Neutral,0.638
1.34E+18,"ÿØÿ®Ÿä, ÿßŸÑÿßŸÖÿßÿ±ÿßÿ™ ÿßŸÑÿπÿ±ÿ®Ÿäÿ© ÿßŸÑŸÖÿ™ÿ≠ÿØÿ©",12-12-20 12:20,"Ladies and Gentlemen, now we have #CovidVaccine experts in each and every household of #Pakistan #PfizerBioNTech #oxfordvaccine ü§¶‚Äç‚ôÇÔ∏è",Twitter for Android,Neutral,0.765
1.34E+18,USAüá∫üá∏,12-12-20 12:19,"FACT SHEET FOR HEALTHCARE PROVIDERS ADMINISTERING VACCINE

#PfizerBioNTech 
#CovidVaccine 

https://t.co/xRaOiACZSD",Twitter Web App,Neutral,0.445
1.34E+18,"Wales, United Kingdom",12-12-20 12:19,@mirekR9 @sputnikvaccine @AstraZeneca check out table 23 of this and other tables too because it took the penny a w‚Ä¶ https://t.co/5r6ibs8Jm8,Twitter Web App,Positive,0.971
1.34E+18,"Wales, United Kingdom",12-12-20 12:16,"@mirekR9 @sputnikvaccine @AstraZeneca it's the only one which doesn't have any side effects 

the #PfizerBioNTech a‚Ä¶ https://t.co/IWELAATAmd",Twitter Web App,Positive,1
1.34E+18,USAüá∫üá∏,12-12-20 12:16,"FACT SHEET FOR RECIPIENTS AND CAREGIVERS

#PfizerBioNTech 
#CovidVaccine 

https://t.co/V0mn08VTwj",Twitter Web App,Neutral,0.849
1.34E+18,,12-12-20 12:12,#CovidVaccine #Pfizer-BioNTech COVID-19 #PfizerBioNTech #COVID19 #CapeTown https://t.co/uCpwv0S4nl,Twitter for iPhone,Positive,0.451
1.34E+18,"London, England",12-12-20 11:59,"Trump announces #vaccine rollout 'in less than 24 hours'

The first Americans will be vaccinated against‚Ä¶ https://t.co/6379SZjNQi",Twitter Web App,Neutral,0.648
1.34E+18,Egypt,12-12-20 11:55,"#FDA authorizes #PfizerBioNTech #coronavirus vaccine for emergency use
https://t.co/VZ6bDPbbPG",Twitter Web App,Neutral,0.598
1.34E+18,America,20-12-20 8:15,"When The #CovidVaccine 
Poisons Enough Of The LEFT With ""Side Effects"" Like #BellsPalsy Or ‚ò†Ô∏è As They Are Flocking‚Ä¶ https://t.co/mGNvf2XT8i",Twitter Web App,Positive,0.422
1.34E+18,,19-12-20 14:31,@realDonaldTrump Dairy dose of dumbsville by #DonTheCon #GrifterInChief #TrumpForPrison #TrumpCrimeFamily #COVID‚Ä¶ https://t.co/gyiCvTuMOP,Twitter for Android,Neutral,0.68
1.34E+18,,19-12-20 3:00,The US #FDA has approved two #coronavirus vaccines: #PfizerBioNTech &amp; #Moderna. Over 200 #vaccines are being develo‚Ä¶ https://t.co/6lboJqT9mn,Twitter Web App,Neutral,1
1.34E+18,The European Union,18-12-20 11:11,"As @EMA_News gets set to approve #PfizerBioNTech #vaccine, roll-out preparations pick up pace across #EU. Meanwhile‚Ä¶ https://t.co/uWiv1SypWg",Twitter Web App,Neutral,0.588
1.34E+18,America,18-12-20 6:38,"COVID-19: News and updates
public questioned whether he actually received the shot.
Video footage appeared to show‚Ä¶ https://t.co/lBc2PJ2b9l",Twitter Web App,Positive,0.865
1.34E+18,,16-12-20 15:15,Tragedy. Another life taken by corporate greed and the evil pharmaceutical companies. #vaccination #vaccine‚Ä¶ https://t.co/1YcShyQpR6,Twitter Web App,Neutral,0.874
1.34E+18,India | USA,14-12-20 23:48,"I‚Äôve never been so excited to get a vaccine üíâüíâüíâ

#CovidVaccine #PfizerBioNTech #VaccinesSaveLives #VaccinesWork https://t.co/tCylgwmUO3",Twitter for iPhone,Neutral,0.298
1.34E+18,"Wales, United Kingdom",14-12-20 23:14,Building on last week‚Äôs ‚Äòtrial‚Äô run and extending our vaccination üíâ programme this week . So much effort going on b‚Ä¶ https://t.co/Wsaup80aFs,Twitter for iPhone,Positive,0.745
1.34E+18,"Medford, OR",14-12-20 23:13,"The first COVID-19 vaccine doses have arrived in Oregon.  

Watch #MorningsontheDove from 6am -9am tomorrow for det‚Ä¶ https://t.co/eNy64xR7KX",TweetDeck,Positive,0.712
1.34E+18,"London, UK",14-12-20 23:00,#Iran has told the World Health Organization it does not intend to import the #PfizerBioNTech Covid-19 #vaccine bec‚Ä¶ https://t.co/sJM874Mkc7,TweetDeck,Neutral,0.884
1.34E+18,"Los Angeles, CA",14-12-20 22:55,Concerned about the side effects of the #PfizerBioNTech #COVID19 vaccine?  Check out my recap üëáüèº https://t.co/P6yfRwS3Fq,Twitter for iPhone,Positive,0.725
1.34E+18,"Chicago, IL",14-12-20 22:41,"Such a great feeling. A big thank you to all the healthcare professionals; scientists, nurses, doctors, caregivers.‚Ä¶ https://t.co/tR4DUVl5Ud",Twitter for Android,Positive,0.575
1.34E+18,"LI, NYC, NJ, PA, NE, USA",14-12-20 22:32,"Members of the @teamsters delivered the first #COVID19Vaccine this morning
#teamsters
#UPS
#COVID19 
#Pfizer‚Ä¶ https://t.co/Ms3N1s9OES",Twitter Web App,Neutral,0.624
1.34E+18,"Seattle, WA",14-12-20 22:25,Getting my first dose of the #PfizerBioNTech #CovidVaccine next weekend and seeing this #UNBOXING just made it so r‚Ä¶ https://t.co/Y6Bqj5KRFR,Twitter for iPhone,Positive,1
1.34E+18,Ontario,14-12-20 22:11,Will you be taking the COVID-19 vaccine once available to you? #COVID19 #Pfizer #BioNTech #vaccine #PfizerBioNTech‚Ä¶ https://t.co/bl7IiCeCCU,Twitter for iPhone,Neutral,0.806
1.34E+18,La Belle Province,14-12-20 21:41,"@FarAndWide @erinotoole @MichelleRempel That Rempel-Trudeau exchange had to be seen to be believed. (I saw it, too)‚Ä¶ https://t.co/6FAgcNZ1bL",Twitter Web App,Positive,0.365
1.34E+18,,14-12-20 21:33,#PfizerBioNTech New York state administered its first non-trial vaccine this morning to a health care worker. The P‚Ä¶ https://t.co/FBY1lqLIM8,TweetDeck,Positive,0.299
1.34E+18,Moronto City Of #Morons Canada,14-12-20 21:28,"@CPHO_Canada #PfizerBioNTech = Female Sterilization üí•üí•üí•

#Pfizer =Untested No Liabilities 

#CrimesAgainstHumanity https://t.co/4TIvt3JEVn",Twitter Web App,Neutral,0.165
1.34E+18,Moronto City Of #Morons Canada,14-12-20 21:24,@CPHO_Canada Key #crushCovid milestone achieved with shutting down &amp; #CoverUp of #PfizerBioNTech      untested No L‚Ä¶ https://t.co/H5Sh5wspqs,Twitter Web App,Positive,1
1.34E+18,"Jefferson City, MO",14-12-20 21:18,#INBOX | @GovParsonMO says shipments of the #PfizerBioNTech vaccine will continue to ship to Missouri‚Äôs 21 vaccinat‚Ä¶ https://t.co/w5xqB5gbW3,Twitter for iPhone,Neutral,0.313
1.34E+18,Hawaii & HongKong ,14-12-20 21:18,@NYGovCuomo @CMargaronis @pfizer @UPS ?? #PfizerBioNTech are Germany based. ?..lets just hope the small numbers are‚Ä¶ https://t.co/WWk28dHogd,Twitter for iPad,Neutral,0.885
1.34E+18,,14-12-20 21:11,"ICU nurse Sandra Lindsay said she was 'very proud,' after becoming one of the first Americans to receive the Pfizer‚Ä¶ https://t.co/5JY1g7whhV",Twitter Media Studio,Negative,0.347
1.34E+18,La Belle Province,14-12-20 21:02,"@FarAndWide @erinotoole @MichelleRempel :: Screenshot #2 of that #QP exchange ::

Unfortunately, Hansard does not c‚Ä¶ https://t.co/e4IVaggplj",Twitter Web App,Positive,0.77
1.34E+18,"wilmington,de",14-12-20 20:53,@MeghanMcCain As a physician currently with covid I cried.  #VaccinesSaveLives #PfizerBioNTech,Twitter for iPhone,Positive,0.839
1.34E+18,La Belle Province,14-12-20 20:52,"@dwain_campbell Unfortunately, Hansard does not capture all the aggro finger-pointing and desk-thumping that were/a‚Ä¶ https://t.co/RbPKbFgPDE",Twitter Web App,Positive,0.435
1.34E+18,,14-12-20 20:37,"@CdnAdvocacy Hallo, the unroll you asked for: @CdnAdvocacy: 1- #UK #NHS #MHRA Updated #COVIDvaccine clinical guidel‚Ä¶ https://t.co/GPDMc9exwV",ThreadReaderApp,Negative,0.632
1.34E+18,La Belle Province,14-12-20 20:21,"@fordnation Odd verb choice there, Doug.

You were on hand to observe -- to welcome, as Anita Anand put it -- under‚Ä¶ https://t.co/mceUWV0ly4",Twitter Web App,Negative,0.507
1.34E+18,Toronto ,14-12-20 20:15,"The first Ontarian was vaccinated just minutes later. A PSW, Anita Quidangen in Toronto.

#PfizerBioNTech‚Ä¶ https://t.co/VX9cisW1kf",Twitter Web App,Negative,0.31
1.34E+18,Moronto City Of #Morons Canada,14-12-20 20:14,"@PattyHajdu Would  you take the vaccine?
Listen to the expert üí•üí•

#PfizerBioNTech = Untested‚Ä¶ https://t.co/ho7JOADrIV",Twitter Web App,Neutral,0.36
1.34E+18,,14-12-20 20:07,"Over the weekend, the #FAA issued guidance for pilots following use of the new #PfizerBioNTech #vaccine for‚Ä¶ https://t.co/xFOCcWw0Wj",Twitter for iPhone,Neutral,0.867
1.34E+18,India,14-12-20 20:00,#UgurSahin #ozlemtureci the #Muslim Scientists Husband-Wife are saving the world with their #PfizerBioNTech‚Ä¶ https://t.co/g5zKRNrxMu,Twitter for Android,Neutral,0.661
1.34E+18,"Toronto, Ontario",14-12-20 19:59,Surprised to learn those with autoimmune conditions or otherwise immunosuppressed are advised not to receive the‚Ä¶ https://t.co/d5C5MbwsvB,Twitter for iPhone,Positive,0.695
1.34E+18,La Belle Province,14-12-20 19:55,"@FarAndWide @erinotoole Or how about Erin O'Toole's hand-picked Health Critic, @MichelleRempel, going even further‚Ä¶ https://t.co/355kTKmhGJ",Twitter Web App,Positive,0.811
1.34E+18,BERLIN,14-12-20 19:54,"Where did the #WarpSpeed money go, if not to the covid pioneers #PfizerBioNTech and #Moderna? Asking for a friend - #GrifterTrump klan",Twitter for iPhone,Neutral,0.494
1.34E+18,"New Jersey, USA",14-12-20 19:52,"How the #PfizerBioNTech Vaccine Works?
This article made a detailed explanation.üëá
https://t.co/srgcHyBLk4

#COVID19‚Ä¶ https://t.co/t1nIsSQtTr",Twitter Web App,Neutral,0.692
1.34E+18, ,14-12-20 19:40,@SkyNews It is a new type of vaccine. That man is so daft it hurts my ears listening to him.  The biggest question‚Ä¶ https://t.co/zhfsh0trOl,Twitter Web App,Neutral,1
1.34E+18,La Belle Province,14-12-20 19:38,"@theJagmeetSingh üôãüèº‚Äç‚ôÄÔ∏è Did you actually read the Global News article, Jagmeet?

This tweet -- embedded therein -- j‚Ä¶ https://t.co/DS1age9lzt",Twitter Web App,Negative,0.656
1.34E+18,"Sacramento, CA",14-12-20 19:31,FIRST U.S. COVID-19 VACCINATIONS TODAY üôåüèª Thank you to everyone stepping up and getting it.  #CovidVaccine‚Ä¶ https://t.co/mAdfhhQQhS,Twitter for Android,Positive,1
1.34E+18,"Vancouver, BC, Canada",14-12-20 19:27,"#AnitaQuidangen, a personal support worker in #Toronto, became one of the first people in #Canada to receive a‚Ä¶ https://t.co/bgbOIL12Hp",Twitter Web App,Positive,0.42
1.34E+18,"Oregon, USA",14-12-20 19:26,"The state is supposed to get 35,100 doses total of the #PfizerBioNTech vaccine this week.
The remained 30,225 will‚Ä¶ https://t.co/c8wzudbpUT",Twitter Web App,Neutral,0.578
1.34E+18,LA | OC ,14-12-20 19:23,"#OrangeCounty will get 25K doses of  #PfizerBioNTech Vaccine by Wednesday Dec. 15, @ochealth confirms. 

https://t.co/ma71oNZu6w",Twitter for iPhone,Positive,0.772
1.34E+18,"Oregon, USA",14-12-20 19:23,"#BREAKING - just in from @OHAOregon on #COVID19 #vaccine:
-""Legacy Health is the first registered COVID-19 vaccine‚Ä¶ https://t.co/bUnTxDGqzZ",Twitter Web App,Positive,0.102
1.34E+18,La Belle Province,14-12-20 19:19,"@asifintoronto @ctvqp üôãüèº‚Äç‚ôÄÔ∏è Ruh-roh, Anita, I (also) saw/heard Michelle Rempel suggest -- during #QP, in the House‚Ä¶ https://t.co/KdH4QIrR4T",Twitter Web App,Neutral,0.404
1.34E+18,"Beaumont, Texas",14-12-20 19:05,KFDM‚Äôs/FOX 4‚Äôs @THEPAIGEREPORT1 is at Baptist hospital getting a first hand look at where the Pfizer COVID-19 vacci‚Ä¶ https://t.co/aPCqxD5wIA,Twitter for iPhone,Neutral,0.865
1.34E+18,"California, USA",14-12-20 18:52,Canadian PM Justin Trudeau announced the arrival of the first of the vaccine vials in the country. #BioNTech #PfizerBioNTech,Twitter for Android,Neutral,0.652
1.34E+18,London,14-12-20 18:44,Privileged be offered the #PfizerBioNTech vaccine. I would encourage everyone to take it up. It‚Äôll help protect peo‚Ä¶ https://t.co/GSuAZ6F5YT,Twitter for iPhone,Neutral,0.718
1.34E+18,"New York, NY",14-12-20 18:43,"One of the first vaccines receivers in the US. Momentous for science. Hope has arrived.
#COVID19 #CovidVaccine‚Ä¶ https://t.co/R3837E9SWS",Twitter Web App,Neutral,1
1.34E+18,"Portsmouth, England",14-12-20 18:38,Half way there #COVID19 #CovidVaccine #vaccination #Pfizervaccine #PfizerBioNTech https://t.co/fQOSDAGOWD,Twitter for Android,Neutral,0.814
1.34E+18,"England, Italy ",14-12-20 18:33,"Can‚Äôt wait to take my kids towards herd immunity üêë üêë ü•≥ü•≥
#vaccines #PfizerBioNTech https://t.co/IittbUgeNo",Twitter for iPhone,Neutral,0.381
1.34E+18,India,14-12-20 18:27,"Toronto to receive Ontario's 1st doses of Pfizer COVID-19 vaccine today
https://t.co/Tt7qxCQqDY
#Ontario‚Ä¶ https://t.co/vacMDknWAV",Twitter Web App,Neutral,0.437
1.34E+18,Oakland,14-12-20 18:16,"There is some good news: The first doses of the #PfizerBioNTech vaccine arrived in California last night.

Gov. Gav‚Ä¶ https://t.co/cB3p7CivgW",TweetDeck,Positive,0.371
1.34E+18,Madchester,14-12-20 18:08,WHERE IS THE PANDEMIC ? #PCRGATE #Condemic #BillGatesIsNotADoctor #PfizerBioNTech #Moderna #AstraZeneca‚Ä¶ https://t.co/4I7rhvI5es,Twitter Web App,Neutral,0.794
1.34E+18,,14-12-20 18:03,Make vaccine companies liable again... #PfizerBioNTech  #pfizer #johnsonandtoxin #vaccinesarepoison‚Ä¶ https://t.co/gJC3BMYrKm,Twitter Web App,Neutral,0.816
1.34E+18,,14-12-20 18:00,"The FDA Authorizes Emergency Use Of The Pfizer Vaccine
https://t.co/fqJizE0AQY
#PFE #Pfizer #Pfizervaccine‚Ä¶ https://t.co/xvD26pXMkI",Twitter Web App,Neutral,1
1.34E+18,"Toronto, Ontario",14-12-20 17:55,"@katejulien @TheresaLubowitz Supervising. 

I‚Äôm torn between politicians going first(ish) to show how important is,‚Ä¶ https://t.co/miwZqf1p6y",Twitter for iPhone,Neutral,0.938
1.34E+18,Canada,14-12-20 17:53,"#PfizerBioNTech  Just wondering, has every Pfizer employee all the way to the boardroom been vaccinated yet?",Twitter Web App,Neutral,0.607
1.34E+18,"Davenport, Toronto",14-12-20 17:41,"Last night, the first #COVID19Vaccines arrived in Canada and as we speak, the first of the vaccines are being admin‚Ä¶ https://t.co/TxsCWyC58j",TweetDeck,Neutral,0.599
1.34E+18,"Chicago, IL",14-12-20 17:26,Happy Cold Chain Day!  The only way to get a vaccine distributed across the county #coldchain #PfizerBioNTech #industrial #cre,Twitter for iPhone,Positive,0.304
1.34E+18,"Leicester, England",14-12-20 17:13,Received my first dose of the #CovidVaccine #PfizerBioNTech today. I feel very privileged &amp; lucky to have this to p‚Ä¶ https://t.co/1FNuUBzsEu,Twitter for Android,Positive,0.759
1.34E+18,New Delhi,14-12-20 17:06,"With several countries including the US and the UK now approving the use of #PfizerBioNTech's #COVID19Vaccine,‚Ä¶ https://t.co/yaELVC1xMD",Twitter Web App,Neutral,1
1.34E+18,Kentucky,14-12-20 16:46,The hospital I work at has received the vaccine. Our IV room made the first five doses to be given in the state. I‚Äô‚Ä¶ https://t.co/ThiWmslq9j,Twitter for iPhone,Positive,1
1.34E+18,,14-12-20 16:38,"Last night, @AnitaOakville welcomed the first 30K doses of the #PfizerBioNTech #vaccine to üá®üá¶. Although we have a l‚Ä¶ https://t.co/vnYhVS90SU",Twitter Web App,Positive,0.307
1.34E+18,,14-12-20 16:14,Historical moment #FirstDose of the #PfizerBioNTech #COVID_19 #Vaccine administered at #UPMC @upmchealthbeat @ Pitt‚Ä¶ https://t.co/LyOAkRWWNX,Instagram,Positive,0.406
1.34E+18,,14-12-20 16:02,#BreakingNews A nurse in New York City on Monday became the first person in the United States to receive the corona‚Ä¶ https://t.co/02Mu5HKYs5,Twitter Web App,Positive,0.482
1.34E+18,France,14-12-20 16:00,#UPDATE A nurse in New York City on Monday became the first person in the United States to receive the coronavirus‚Ä¶ https://t.co/N4j8xorUzO,TweetDeck,Negative,0.768
1.34E+18,"Dallas, TX",14-12-20 15:22,#NEW: @methodistdallas has received its first shipment of #PfizerBioNTech's #COVID19 vaccine. Front line healthcare‚Ä¶ https://t.co/OX3BOu8ana,Twitter Web App,Neutral,0.834
1.34E+18,"Lakeland, FL",14-12-20 15:08,It‚Äôs kind of surreal that the vaccine is dropping today #PfizerBioNTech,Twitter for iPhone,Negative,0.411
1.34E+18,,14-12-20 15:00,"Coronavirus vaccine ships today, expect hospitals to be overwhelmed in nine  months  ...with baby deliveries üòÅ‚Ä¶ https://t.co/CIhIpKoD0I",Twitter for Android,Neutral,0.865
1.34E+18,"California, USA",14-12-20 14:51,"Per the CDC, persons with HIV and other immunocompromising conditions may still receive the COVID-19 vaccine unless‚Ä¶ https://t.co/vjgKYxb8il",Twitter for iPhone,Positive,0.23
1.34E+18,,14-12-20 14:37,@realDonaldTrump I'm not graveling at the feet of someone who has killed over 290K USA. I appreciate the #scientist‚Ä¶ https://t.co/dMLtO98QDq,Twitter Web App,Neutral,0.575
1.34E+18,Ahmedabad,14-12-20 14:33,If science is same everywhere so should be it's results. Entire world should approve vaccine which one country has‚Ä¶ https://t.co/YFCj0YtZHq,Twitter for Android,Neutral,1
1.34E+18,"Dallas, TX",14-12-20 14:31,President Trump says the first #PfizerBioNTech #COVID19 vaccine in the United States has been administered. https://t.co/c4AIbXNRMz,Twitter Web App,Neutral,0.958
1.34E+18,"Alert,Nunavut",14-12-20 14:29,"1st doses of #PfizerBioNTech's #COVID19 vaccine arrive in #Canadaüôèüôèüôè

By @helloryanjones
https://t.co/g97stUTAPK https://t.co/Mdx5EON2N3",Twitter Web App,Neutral,0.273
1.34E+18,US | Singapore,14-12-20 14:11,"#UPS, #FedEx To Transport Initial #PfizerBioNTech #COVID19Vaccine Doses 

$UPS $FDX

https://t.co/78l2X40fPL",Twitter Web App,Positive,0.487
1.34E+18,Montreal,14-12-20 14:11,#New Vaccination campaign begins today in Quebec. Residents at Maimonides will be among the first seniors in‚Ä¶ https://t.co/kJQv5NbPQ9,Twitter for iPhone,Neutral,0.066
1.34E+18,"Cambridge, MA",14-12-20 14:07,"Kudos UPS!

@UPS announced on 13th, its involvement &amp; full support of distribution efforts for #PfizerBioNTech's‚Ä¶ https://t.co/PBQgKMnVtz",Twitter Web App,Positive,0.832
1.34E+18,,14-12-20 14:00,From Tuna #Fish To #COVID19 #Vaccine - How Container Freezers Used To Ship #Seafood Are Given A New Role -‚Ä¶ https://t.co/gzedPMk8fN,Twitter Web App,Neutral,0.768
1.34E+18,"New Orleans, LA",14-12-20 13:56,"The end is in sight, many of my coworkers and I are getting our first doses of the #PfizerBioNTech #CovidVaccine to‚Ä¶ https://t.co/ZnUexwudiz",Twitter for iPhone,Positive,0.797
1.34E+18,,14-12-20 13:51,Pfizer received emergency use authorization from the Food and Drug Administration for the Covid-19 vaccine develope‚Ä¶ https://t.co/BD8vRoaRPk,Twitter for iPhone,Neutral,0.495
1.34E+18,Land of Hope and Dreams,14-12-20 13:32,Thank you Thank you Thank you to all of the scientists who worked on the development of the vaccine for COVID-19. T‚Ä¶ https://t.co/GQib0ENDtH,Twitter for iPhone,Neutral,0.314
1.34E+18,Al Khobar,14-12-20 13:29,WELL DONE USA üá∫üá≤üëç #PfizerBioNTech #Pfizervaccine #COVID19 https://t.co/iR68dndGrs,Twitter for Android,Positive,0.485
1.34E+18,"Calgary, AB",14-12-20 13:27,"Sunday evening‚Äôs shipment is the first of an initial 30,000 doses of the Pfizer vaccine to be spread across 14 dist‚Ä¶ https://t.co/thTxobuI11",SocialFlow,Neutral,0.681
1.34E+18,Montreal,14-12-20 13:20,#WATCH: Shipments of initial doses of the COVID-19 vaccines arrived in selected ports of entry in Canada on Sunday‚Ä¶ https://t.co/d3koIEm6vU,Twitter for iPhone,Neutral,0.666
1.34E+18,"Mumbai, India",14-12-20 13:04,"#Singapore Approves Pfizer #COVID19 Vaccine, First Shipment Expected by End of #December, Says PM Lee Hsien Loong‚Ä¶ https://t.co/KkamVtF4TW",Twitter Web App,Neutral,0.621
1.34E+18,"Sydney, New South Wales",14-12-20 13:02,Here are the lipids used in lipid nanoparticle used the #mRNA  BioNTech/Pfizer #PfizerBioNTech  #CovidVaccine The t‚Ä¶ https://t.co/0zMNPzZxjE,Twitter Web App,Neutral,0.672
1.34E+18,Global,14-12-20 12:52,Canada to begin #PfizerBioNTech #Covid19Vaccine roll-out https://t.co/GfunFFpzF1,Twitter Web App,Positive,0.622
1.34E+18,India,14-12-20 12:48,"More approvals to #PfizerBioNTech vaccine: #Singapore approves @pfizer #CovidVaccine, expects first shots by Decemb‚Ä¶ https://t.co/fXYyeHXQTf",Twitter Web App,Neutral,0.543
1.34E+18,,14-12-20 12:48,First Pfizer coronavirus vaccine doses set to arrive at hospitals https://t.co/DyaXNPTR0l #PfizerBioNTech‚Ä¶ https://t.co/8LcRwWPBXv,Twitter for iPhone,Neutral,0.915
1.34E+18,South Africa,14-12-20 12:40,"vaccinated. More than 1.1 million new cases have been confirmed in the past week and the death toll is above 306,00‚Ä¶ https://t.co/gLvVfGEKEi",Twitter Web App,Neutral,0.393
1.34E+18,South Africa,14-12-20 12:40,"US HEALTH CARE WORKERS &amp; MOST VULNERABLE TO RECEIVE THE PFIZER-BIONTECH SHOTS
Trucks on Sunday began shipping milli‚Ä¶ https://t.co/4AAgDXqvsU",Twitter Web App,Positive,0.678
1.34E+18,"London, England",14-12-20 12:38,@sammwittings Oh great - thought you wouldnt be able to see her before Xmas - btw I heard on the radio that Shropsh‚Ä¶ https://t.co/DWeYPMXCzN,Twitter for Android,Negative,0.998
1.34E+18,"Dallas, TX",14-12-20 12:08,#PfizerBioNTech's #COVID19 vaccines are making their way to distributions sites nationwide. @FedEx says some of the‚Ä¶ https://t.co/cM5YwBod55,Twitter Web App,Neutral,0.733
1.34E+18,,14-12-20 11:58,US is all set to start its #COVID19  #vaccination  drive with the doses of #PfizerBioNTech  #vaccine that is ready‚Ä¶ https://t.co/iClQaqEBBU,Twitter Web App,Neutral,0.715
1.34E+18,Bangladesh,14-12-20 11:56,#Singapore became on Monday the first Asian country to approve #PfizerBioNTech's #CoronavirusVaccine and said it ex‚Ä¶ https://t.co/f6TwAm3NrO,Twitter Web App,Neutral,0.715
1.34E+18,Kashmir,14-12-20 11:53,"Singapore approves Pfizer vaccine , becomes first south East Asian country to approve the vaccine. Doses will be gi‚Ä¶ https://t.co/XBs7pR0GU4",Twitter for Android,Neutral,1
1.34E+18,Michigan,14-12-20 11:50,#PfizerBioNTech COVID-19 vaccine being distributed; #ElectoralCollege formally casts votes today; #DetroitLions los‚Ä¶ https://t.co/steoPO9yEe,TweetDeck,Positive,0.605
1.34E+18,,14-12-20 11:41,#BillGates  caught on video admitting #CovidVaccine  will CHANGE our #DNA  FOREVER. https://t.co/PPzAGwLYPu via‚Ä¶ https://t.co/wBJH3LpstH,Twitter Web App,Positive,0.141
1.34E+18,Global,14-12-20 11:32,"#Singapore approves #PfizerBioNTech #VirusVaccine https://t.co/9vjLXMrGyw 

#Pandemic",Twitter Web App,Neutral,0.256
1.34E+18,Birmingham UK,14-12-20 11:20,"Excited about tomorrow 
So honoured to be part to this exciting team administering in primary care #Covid_19‚Ä¶ https://t.co/gWDTDMGoF0",Twitter for iPhone,Positive,0.933
1.34E+18,,14-12-20 11:08,@LUDOVICOTODINI @Taxistalobbyst   caught on video admitting #Covidvaccine will CHANGE our #DNA FOREVER.‚Ä¶ https://t.co/AgM4DZSyjt,Twitter Web App,Positive,0.605
1.34E+18,"Philadelphia, Pa.",14-12-20 11:08,Who should not get vaccine ...yet https://t.co/kuIwEyz7yV via @YouTube #vaccine #MaskUp  #Pfizer #Pfizervaccine #PfizerBioNTech,Twitter Web App,Neutral,0.984
1.34E+18,Global,14-12-20 10:51,"#Canada to begin #PfizerBioNTech #Covid19Vaccine roll-out https://t.co/sZkFQLldPN 

#Pandemic",Twitter Web App,Neutral,0.437
1.34E+18,Hong Kong,14-12-20 10:22,"#Singapore approves the #PfizerBioNTech #COVID-19 #vaccine 
First shipment expected by end-December 

#coronavirus‚Ä¶ https://t.co/37Y6FRnFzX",Twitter for iPhone,Neutral,0.971
1.34E+18,,14-12-20 10:07,"@GOPChairwoman @GOP @realDonaldTrump #PfizerBioNTech 
Thank you #DrSahin &amp; Team https://t.co/edzMSP6Kvc",Twitter for Android,Positive,0.5
1.34E+18,"Ravenna , Italy",14-12-20 9:56,U.S. expects to have immunized 100 million against #COVID-19 by end of March -Slaoui https://t.co/810e0oDL2I‚Ä¶ https://t.co/gQsJ67k95P,Twitter Web App,Neutral,0.896
1.34E+18,Singapore,14-12-20 9:41,"Singapore's plan to tackle #COVID19
has been really effective.  
Early in pandemic,more than $1 bn was set aside fo‚Ä¶ https://t.co/aWI7CPS81B",Twitter for Android,Positive,0.748
1.34E+18,Asia,14-12-20 9:24,"Singapore approves @pfizer @BioNTech_Group  vaccine for local use. Vaccine safe to use on people aged 16 and above,‚Ä¶ https://t.co/We7ap3vnAG",Twitter Web App,Neutral,1
1.34E+18,Singapore,14-12-20 9:18,"Phase 3 begins Dec 28, #PfizerBioNTech vaccine first to arrive in #singapore by end Dec, and shots to be free for a‚Ä¶ https://t.co/wfFjjKR15V",Twitter for iPhone,Positive,1
1.34E+18,,14-12-20 9:07,"@realDonaldTrump Worldüåè 
Thank  you #PfizerBioNTech 
#DrSahin &amp; Team https://t.co/rBp6Ox1lts",Twitter for Android,Positive,1
1.34E+18,United Kingdom,14-12-20 8:46,Does this vaccine mean that I‚Äôm gonna have to eventually wear a proper bra again or are we all in agreement that un‚Ä¶ https://t.co/roDsrp1MzS,Twitter for iPhone,Neutral,0.761
1.34E+18,Cyprus,14-12-20 8:44,US began shipments of #Covid19 #PfizerBioNTech #vaccine Sunday following final CDC approval. While #pandemic is far‚Ä¶ https://t.co/AwDK69gkJB,Twitter Web App,Neutral,0.648
1.34E+18,United States,14-12-20 8:02,"True question for #scientists:

As with many vaccines the #PfizerBioNTech vaccine needs to be given in 2 shots: a‚Ä¶ https://t.co/C9E1Q1mHJ9",Twitter for iPad,Neutral,1
1.34E+18,Cyprus,14-12-20 7:18,The first few million #PfizerBioNtech #vaccines have arrived in the US after a last-minute #emergencyauthorization‚Ä¶ https://t.co/lKgaRoGiTg,Twitter Web App,Neutral,0.868
1.34E+18,,14-12-20 6:58,"#DonaldTrump and #MikePence to be offered the recently authorized #PfizerBioNTech vaccine

https://t.co/QVBjcEIlY2",TweetDeck,Positive,0.901
1.34E+18,India,14-12-20 6:57,"#Pfizervaccine is unlikely to be available in India for mass distribution. Read to find out why.

#PfizerBioNTech‚Ä¶ https://t.co/2ywdDnR70w",TweetDeck,Neutral,0.808
1.34E+18,Global Footprint,14-12-20 6:26,The #US is set to begin its coronavirus vaccination drive from today with doses of #PfizerBioNTech‚Äôs vaccine set to‚Ä¶ https://t.co/g0fkVA3cxI,Twitter Web App,Neutral,0.657
1.34E+18,,14-12-20 6:08,"Politico.  December 13, 2020.  FDA's Hahn: Covid-19 vaccine authorization based in 'science and data'‚Ä¶ https://t.co/NwLfLopRXo",Twitter Web App,Neutral,1
1.34E+18,North America,14-12-20 6:07,"Politico.  December 13, 2020.  FDA's Hahn: Covid-19 vaccine authorization based in 'science and data'‚Ä¶ https://t.co/U4q5A64RGk",Twitter Web App,Neutral,1
1.34E+18,"Troy, Michigan;  Serial ‚úàÔ∏è",14-12-20 5:03,"I‚Äôm due to get the vaccine on Tuesday, super thrilled!
#Pfizer #PfizerBioNTech #CoronavirusVaccine",Twitter for iPhone,Positive,0.721
1.34E+18,pollachi,14-12-20 4:44,#USA to start #vaccination from today! It has according to latest figures maximum #coronavirus cases (over 16.7 mil‚Ä¶ https://t.co/jDfA1jqvbs,Twitter for Android,Neutral,0.875
1.34E+18,"Pennsylvania, USA",14-12-20 4:38,"#COVID #PfizerBioNTech #vaccine  #Pennsylvania
Nursing homes in Pennsylvania prepare for COVID-19 vaccine distribut‚Ä¶ https://t.co/mNWsy2EHpU",Twitter for Android,Neutral,0.462
1.34E+18,,14-12-20 4:09,Vaccines save lives üíØ Hopefully HCW can assuage public fear and anxiety regarding this vaccine üíâ so we can finally‚Ä¶ https://t.co/rxuYdYinpz,Twitter for iPhone,Neutral,0.522
1.34E+18,,14-12-20 3:40,1st doses of #PfizerBioNTech's #COVID19 #vaccine arrive in #Canada https://t.co/PYSZah8tDk,Buffer,Neutral,0.573
1.34E+18,"Edmonton, Alberta, CAN",14-12-20 3:37,"Are politicians #EssentialWorkers? ü§îü§¶‚Äç‚ôÇÔ∏è 

#COVID19 #PfizerBioNTech #CovidVaccine #VaccinesWork #ScienceMatters‚Ä¶ https://t.co/XYQQzo8QGF",Twitter for Android,Neutral,0.729
1.34E+18,,14-12-20 3:36,"""The first batch of doses of Pfizer-BioNTech‚Äôs COVID-19 vaccine have arrived in Canada,‚Äù PM Trudeau said on Twitter‚Ä¶ https://t.co/fdV5qSRLLr",Hootsuite Inc.,Neutral,0.954
1.34E+18,,14-12-20 3:19,#USA to start #vaccination from today! It has according to latest figures maximum #coronavirus cases (over 16.7 mil‚Ä¶ https://t.co/Ywv7QfOOHC,Twitter for Android,Neutral,0.846
1.34E+18,"St. Catharines, Ontario",14-12-20 3:17,Good news!  #PfizerBioNTech vaccines arrived ... other vaccines like #Moderna and #AstraZeneca are also coming. https://t.co/e8wxDoutiw,Twitter Web App,Neutral,0.582
1.34E+18,"London, DC, NYC, Nairobi",14-12-20 3:11,My money is on a Mr. Mark Twain getting the one of the first doses of the #PfizerBioNTech #vaccination in the United States @CalNBC,Twitter for iPhone,Neutral,0.589
1.34E+18,Earth,14-12-20 2:49,#APT29 aka #CozyBear hacker group suspected of hacking #PfizerBioNTech #IP and now federal agencies like U.S. Treas‚Ä¶ https://t.co/m4DoCVuKOv,LinkedIn,Negative,0.647
1.34E+18,global,14-12-20 2:46,"Pfizer-BioNTech‚Äôs COVID19 vaccine is also urgently needed for Africa: #Ghana, #Nigeria, #Egypt, #SouthAfrica &amp; rest‚Ä¶ https://t.co/93G9dkM0Pb",Twitter Web App,Neutral,1
1.34E+18,"Vancouver, British Columbia",14-12-20 2:41,There it comes . #Covid_19 #PfizerBioNTech https://t.co/RO2IsNOOOU,Twitter for iPhone,Positive,0.511
1.34E+18,USA,14-12-20 2:41,@realDonaldTrump Might as well call it 100 years ahead #LiarInChief you had nothing to do with the #PfizerCovidVaccine #PfizerBioNTech,Twitter for iPhone,Negative,0.637
1.34E+18,"GP Partner, Watford ",14-12-20 2:34,"@pash22 @CDCgov @caseymross Interesting approach üá∫üá≤ 

üá¨üáß guidance v clear now:

""Any person with a history of anaph‚Ä¶ https://t.co/jblkV7DsaT",Twitter for Android,Neutral,0.521
1.34E+18,"Mumbai, India",14-12-20 2:30,"Pfizer-BioNTech COVID-19 Vaccine: Donald Trump, Mike Pence &amp; Top US Officials to be Offered Early Access to Newly A‚Ä¶ https://t.co/aLJntRiBfA",Twitter Web App,Neutral,1
1.34E+18,Earth,14-12-20 2:25,"#PfizerBioNTech #Vaccine hacked a few days ago

#UsTreasury hack announced today. 

https://t.co/y1YbMXoC6g

A whol‚Ä¶ https://t.co/NJbT0gqXPj",Twitter for Android,Positive,0.679
1.34E+18,"Palm Beach, FL",14-12-20 2:05,Be safe and thank you @FedEx !!!üëç #vaccine #FedEx #PfizerBioNTech #Pfizer https://t.co/WkmafScUlJ,Twitter for Android,Neutral,0.66
1.34E+18,La Belle Province,14-12-20 1:23,"@RainArtChik And we're nowhere near 2030.

Premature innoculation...?  üòá

#PfizerBioNTech 
#CdnPoli",Twitter Web App,Positive,0.617
1.34E+18,Shillong India Ottawa Canada ,14-12-20 1:22,"#HarHarMahadev üôè
First batch of doses of #Pfizer #BioNTech vaccines are in #Canada ......YAY many congratulations üôè‚Ä¶ https://t.co/JhSK49pKzS",Twitter Web App,Neutral,0.344
1.34E+18,"Oakville, Ontario",14-12-20 1:00,"Welcoming the 1st #COVID19vaccines to üá®üá¶ tonight!

The 1st 30K doses of #PfizerBioNTech are arriving across the cou‚Ä¶ https://t.co/40UMur6yoO",Twitter for iPhone,Positive,1
1.34E+18,"Saugerties, New York",14-12-20 0:57,"More information about #Pfizer vaccine and severe allergies:

https://t.co/swFdY3kPoe

#CovidVaccine #Pfizervaccine #PfizerBioNTech",Twitter Web App,Neutral,0.956
1.34E+18,"Los Angeles, CA",14-12-20 0:36,"Welp, thanks already aren't going quite as planned with the #PfizerBioNTech #CovidVaccine distribution.  These aren‚Ä¶ https://t.co/dr9UqDgWDY",Twitter Web App,Positive,1
1.34E+18,"Balboa Peninsula, SoCal USA",14-12-20 0:20,MT @murray_nyc Five years ahead of schedule? It‚Äôs a pandemic! There was no pre-determined schedule. How about ackno‚Ä¶ https://t.co/MLb8s47hZZ,Twitter Web App,Neutral,1
1.34E+18,"Saturnalia Town, USA",14-12-20 0:10,This is excellent news!  Our great President Trump and his administration have pushed to get this vaccine ready qui‚Ä¶ https://t.co/UEePAsa7Nj,Twitter for iPhone,Neutral,0.508
1.34E+18,New York / New Jersey / Global,13-12-20 23:55,Good heavens - you are too stupid to reason with even on a slow day. get a dummy for #pademics and slither away alr‚Ä¶ https://t.co/ZZEAVCdSkH,Twitter Web App,Positive,0.865
1.34E+18,Hellas,13-12-20 23:51,Before you say you WILL OR WON‚ÄôT take Pfizer‚Äôs vaccine for COVID-19 Read the report. https://t.co/goyWkzlkXP‚Ä¶ https://t.co/sCqrZurHys,Twitter for iPhone,Negative,0.711
1.34E+18,Texas,13-12-20 23:48,It‚Äôs here. #Covid_19 #CovidVaccine  #PfizerBioNTech https://t.co/1E0bcR8Lig,Twitter Web App,Positive,0.939
1.34E+18,HRVA,13-12-20 22:49,What a process!! They definitely thought of everything publicity wise... #Pfizervaccine #PfizerBioNTech https://t.co/2b84raNcgE,Twitter for iPhone,Positive,1
1.34E+18,T√ºrkiye,13-12-20 22:30,"Turkey‚Äôs coronavirus death toll reaches 16,417 @drfahrettinkoca #CoronavirusPandemic #Turkey #PfizerBioNTech‚Ä¶ https://t.co/eRYk0TZ8RS",TweetDeck,Neutral,0.358
1.34E+18,,13-12-20 21:54,In case anyone is interested here is a link to the #PfizerBioNTech #COVID19Vaccine patient information that is on t‚Ä¶ https://t.co/wGaf4baY2g,Twitter Web App,Positive,0.843
1.34E+18,,13-12-20 21:52,@tameemmurtuza Yes here is the link to the patient education information from #PfizerBioNTech that should be given‚Ä¶ https://t.co/nK924H2999,Twitter Web App,Neutral,0.541
1.34E+18,,13-12-20 21:16,"#UnitedStates‚ÄîThe first #Covid19 vaccines are going out!
#CDC officially allows
#PfizerBioNTech‚Äî#coronavirus‚Ä¶ https://t.co/UnjN6vfPwT",Twitter for iPhone,Neutral,0.972
1.34E+18,Turkey-Israel,13-12-20 21:07,"Infections #worldwide
-
#UnitedStates : 220,575
#Brazil : 43,279
#Turkey : 30,805
-
#coronavirus #Corona #Covid_19‚Ä¶ https://t.co/JjXqHSJC40",TweetDeck,Neutral,0.674
1.34E+18,,13-12-20 20:53,"#PfizerBioNTech COVID-vaccine given the green light in the US
https://t.co/LNZVWu5uU4",TweetDeck,Positive,1
1.34E+18,Turkey-Israel,13-12-20 20:47,"What kind of #America will he leave behind?
-
#Trump #DonaldTrump #JoeBiden #NewYork #Washington #WhiteHouse‚Ä¶ https://t.co/kImRJ2Yjxs",TweetDeck,Neutral,0.778
1.34E+18,"Bristol, UK",13-12-20 20:32,@chesleydohl @Audie_Murphy45 @cspan So why is Trump claiming the #PfizerBioNTech vaccine as one of his administrati‚Ä¶ https://t.co/coClJkakMt,Twitter for Android,Neutral,0.805
1.34E+18,"Tampa, FL",13-12-20 20:22,Here we go! Grateful to be among the first group of vaccinated healthcare workers in Tampa/FL against #COVID19 üôèüèΩ‚Ä¶ https://t.co/kGyeHA1KOj,Twitter for iPhone,Neutral,0.911
1.34E+18,"Minneapolis, MN",13-12-20 20:09,#CDC #ACIP have released their Interim Guidance for use of #PfizerBioNTech COVID Vaccine https://t.co/DVAO10C7LF,Twitter Web App,Positive,0.304
1.34E+18,"Seattle, WA",13-12-20 19:52,"Dr. Kathy Lofy says the vaccine will be a new tool in our tool box, and says she‚Äôll also get vaccinated as soon as‚Ä¶ https://t.co/D55C41pB2m",Twitter for iPhone,Neutral,0.446
1.34E+18,"Vermont, US",13-12-20 19:49,The Advisory Committee on Immunization Practices‚Äô Interim Recommendation for Use of Pfizer-BioNTech COVID-19 Vaccin‚Ä¶ https://t.co/591nsHMNKy,Twitter Web App,Neutral,0.629
1.34E+18,T√ºrkiye,13-12-20 19:10,"Turkey‚Äôs coronavirus death toll reaches 16,417 @drfahrettinkoca #CoronavirusPandemic #Turkey #PfizerBioNTech‚Ä¶ https://t.co/yEivuSiXxI",TweetDeck,Negative,0.361
1.34E+18,"Naperville, IL",13-12-20 19:07,The #ACIP recommended the use of #PfizerBioNTech #COVID19 vaccine in persons 16 years of age and older under the‚Ä¶ https://t.co/jIyVkeokyz,Twitter Web App,Neutral,0.836
1.34E+18,"DC, Baltimore, New Orleans",13-12-20 18:39,@CDCDirector Redfield has just signed off on this recommendation. #CDC Panel Recommends #Pfizer's #COVID19 #Vaccine‚Ä¶ https://t.co/u2sDcKZTQu,Twitter Web App,Neutral,0.975
1.34E+18,Global,13-12-20 17:07,Boxes containing the first shipment of the Pfizer-BioNTech #COVID19 #vaccine are prepared to be sent at the #Pfizer‚Ä¶ https://t.co/pI7YQuRw0S,TweetDeck,Neutral,0.238
1.34E+18,"Okolona, KY",13-12-20 16:58,What a great day for our Country &amp; the World! @realDonaldTrump is ONE DAY CLOSER to leaving @WhiteHouse. The first‚Ä¶ https://t.co/UpxZnnhu2n,Twitter for Android,Positive,0.575
1.34E+18,,13-12-20 16:52,Answers to questions about #COVID #vaccination  https://t.co/5PQhg3tBja #vaccine #Covid_19 #healthcare #health‚Ä¶ https://t.co/XA2VxWoca9,Twitter Web App,Neutral,1
1.34E+18,,13-12-20 16:49,Just watched @CapehartJ new #thesundayshow. @Maria_Hinojosa correctly stated that there were two deaths among the o‚Ä¶ https://t.co/U80yAAW6CX,Twitter for iPad,Positive,0.359
1.34E+18,Sacramento,13-12-20 16:47,"#PfizerBioNTech #PfizerCovidVaccine #VaccineRollout

38 days... https://t.co/yo0ycGAKx6",Twitter Web App,Positive,0.364
1.34E+18,"M√ºnchen, Heidelberg",13-12-20 16:43,"Have to agree: UK, US vaccinate with technology pioneered in 2 German, one US-Biotechs; US celebrates distribution‚Ä¶ https://t.co/eTZDDKbC2e",Twitter Web App,Neutral,0.435
1.34E+18,,13-12-20 16:24,@realDonaldTrump @Varneyco Pfizer was not funded by Operation Warp Speed and you would never have supported the Mus‚Ä¶ https://t.co/ByhlQAP1FN,Twitter for iPhone,Neutral,0.462
1.34E+18,"South West, England",13-12-20 16:20,"Had my Covid-19 Vaccination, doing my bit helping to save the human race.
Mega sore arm today as expected  small pr‚Ä¶ https://t.co/uqPDhhKdCa",Twitter for Android,Positive,1
1.34E+18,"Montreal, QC, Canada",13-12-20 16:17,"@jeremysale @nytimes Apparently the trucks are escorted by US Marshals... So ü§ûü§û they will stay safe, no hijacking o‚Ä¶ https://t.co/RTsQZao6r3",Twitter for Android,Positive,0.444
1.34E+18,Worldwide üåè,13-12-20 16:06,"Airborne - heading to Memphis üëá

#PfizerBioNTech #CovidVaccine 

üá∫üá∏ FedEx A306 N669FE https://t.co/GMMIVSC0Yw",Twitter for Android,Positive,0.806
1.34E+18,"New York, USA",13-12-20 15:55,"The newly approved #Vaccine for the #CCPVirus will start being distributed to US states on Dec. 14, according to of‚Ä¶ https://t.co/qMJAhVhkOM",Buffer,Positive,0.43
1.34E+18,"GP Partner, Watford ",13-12-20 15:54,"@yvettedoc50 @TeamGP @NHSEngland @NikkiKF @pulsetoday Think we are going to be seeing a lot of this happening
The l‚Ä¶ https://t.co/noQfaZNojC",Twitter for Android,Positive,0.846
1.34E+18,,13-12-20 15:50,"@tedcruz We know Trumpkins like you are not as informed- so here goes:
1) #PfizerBioNTech vaccine was developed in‚Ä¶ https://t.co/uPLiBfjzjh",Twitter for Android,Neutral,1
1.34E+18,Canada,13-12-20 15:47,#Canadian firm Acuitas - at heart of #PfizerBioNTech #vaccine - great story - @ubcprez #UBC - we helped early on wi‚Ä¶ https://t.co/JquwQZEP4Y,Twitter Web App,Neutral,0.725
1.34E+18,"Etobicoke,ON,CANADA",13-12-20 15:33,"‚ÄúD-Day was the beginning of the end, and that‚Äôs where we are today,‚Äù he said, cautioning it would still take months‚Ä¶ https://t.co/cJGGkc6d02",Twitter for iPhone,Positive,0.622
1.34E+18,United States,13-12-20 15:25,The first trucks loaded with Pfizer‚Äôs coronavirus shot pulled out of a Michigan warehouse early Sunday ‚Äî starting t‚Ä¶ https://t.co/yLu62yVpXL,Twitter Web App,Positive,0.701
1.34E+18,United States,13-12-20 15:25,"@JoeBiden @KamalaHarris Thanks to you both for bringing in fresh air, positivity and God‚Äôs hand and pushing us forw‚Ä¶ https://t.co/j28WAUwZob",Twitter for iPhone,Positive,0.823
1.34E+18,,13-12-20 15:08,"#Pfizer #PfizerCovidVaccine #vaccine #vaccination #BioNTech #PfizerBioNTech #Moderna 

all same toxic #mRNA‚Ä¶ https://t.co/ug5O5MYa47",Twitter Web App,Neutral,0.882
1.34E+18,WorldWide,13-12-20 15:08,"@AFP #UPDATE The #PfizerBioNTech #Covid-19 vaccine began leaving the company's #Michigan factory on Sunday, set to‚Ä¶ https://t.co/HwTQE2cDSs",Twitter for Android,Negative,0.598
1.34E+18,"London, England",13-12-20 15:01,"(ENG) NHS workers: 'Vaccine is a game changer' | #hopenews

#NHSheroes #bbcnews #vaccine #Covid19UK #COVID19‚Ä¶ https://t.co/sO4SSoENRj",Twitter Web App,Neutral,0.458
1.34E+18,France,13-12-20 15:00,"#UPDATE The #PfizerBioNTech Covid-19 vaccine began leaving the company's Michigan factory on Sunday, set to be inje‚Ä¶ https://t.co/PZgwbs1XU3",TweetDeck,Negative,0.458
1.34E+18,,13-12-20 14:48,@JoJoFromJerz Someone should remind @tedcruz that the #PfizerBioNTech vaccine was not developed in the US.  #scienceovermorons,Twitter for iPhone,Neutral,1
1.34E+18,Oman,13-12-20 14:30,"Rival US companies #UPS and #FedEx are working side-by-side to ship the #PfizerBioNTech #Covid-19 #vaccine.

https://t.co/mDqkzn1oPa",TweetDeck,Neutral,0.777
1.34E+18,,13-12-20 14:12,"#PFIZERBIONTECH #USA 
First shipment of Pfizer-BioNTech coronavirus vaccine leaves Michigan facility",Twitter Web App,Neutral,0.688
1.34E+18,"Dubai, United Arab Emirates",13-12-20 14:08,"Kuwait authorizes emergency use of Pfizer-BioNTech COVID-19 vaccine
For all COVID news, visit:‚Ä¶ https://t.co/gjM2TbGTkK",Twitter Web App,Positive,0.142
1.34E+18,Global,13-12-20 14:06,"Approval for #Pfizer / #Biontech vaccine from FDA Advisory Board.
LAST MINUTE NEWS: The US Food and Drug Administra‚Ä¶ https://t.co/ouK7OYX2LG",Twitter Web App,Neutral,0.946
1.34E+18,"Edinburgh, UK",13-12-20 13:57,Happy and relieved to have the #PfizerBioNTech #Covidvaccine ‚Äì amazing work from all at @MHRAgovuk and @NHSuk since‚Ä¶ https://t.co/3iRxehHlDa,Twitter for Mac,Positive,0.73
1.34E+18,"Mavelikkara, Alappuzha, Kerala",13-12-20 13:47,#vaccine #PfizerBioNTech #Oxford_AstraZeneca #BharatBiotech #SputnikV Most of the companies have submitted applicat‚Ä¶ https://t.co/1rQrfvSEtU,Twitter for Android,Neutral,0.718
1.34E+18,Qatar,13-12-20 13:45,The US Food and Drug Administration (FDA) issued yesterday the first emergency use authorization of the Pfizer-BioN‚Ä¶ https://t.co/VqyXdpR38Z,TweetDeck,Neutral,1
1.34E+18,,13-12-20 13:43,"COVID 19 Vaccination. Latest Update.
https://t.co/fpp4gYIyUi 
@YouTube 
@YouTubeCreators @YouTubeTrends‚Ä¶ https://t.co/nBfFeJk4p8",Twitter Web App,Neutral,0.485
1.34E+18,,13-12-20 13:05,"After 10 months and 3 weeks since its first case, finally some relief for Uncle Sam. Vaccination starts Monday.üëè‚Ä¶ https://t.co/Ozn5Q01lVH",Twitter for Android,Neutral,0.778
1.34E+18,The World,13-12-20 12:56,The first trucks filled with the #Pfizer #vaccine are about to hit the road!! #PfizerBioNTech üíâ,Twitter for Android,Neutral,0.622
1.34E+18,Earth,13-12-20 12:37,US says COVID-19 vaccine to start arriving in states Monday https://t.co/xA9zXmqpmy via @10TampaBay  #Pfizervaccine‚Ä¶ https://t.co/8Ykifaujq7,Twitter Web App,Neutral,0.489
1.34E+18,"Kuala Lumpur, Malaysia",13-12-20 12:30,Interesting Watch: @CNN's @NewDay live coverage of the loading of #PfizerBioNTech's vaccine at the Pfizer plant at‚Ä¶ https://t.co/lijRZZGyaG,Twitter for Android,Negative,0.47
1.34E+18,,13-12-20 11:51,"The #vaccines are a-comin'!! üíâüôèü•∞

#COVID19 #coronavirus #vaccine #PfizerBioNTech #CNN #MSNBC",Twitter for Android,Neutral,0.637
1.34E+18,T√ºrkiye,13-12-20 10:39,"Global coronavirus death toll reaches 1,611,637 #CoronavirusPandemic @WHO @Worldometers #PfizerBioNTech‚Ä¶ https://t.co/rETF806133",TweetDeck,Neutral,0.432
1.34E+18,"Brighton, England",13-12-20 9:59,"Two people in the United Kingdom have experienced an allergic reaction to the Pfizer/BioNTech COVID-19 vaccine.
Rea‚Ä¶ https://t.co/2LNAcAa80R",Twitter Web App,Negative,0.707
1.34E+18,"GP Partner, Watford ",13-12-20 9:56,@PeteDeveson @anna_down @rcgp @MartinRCGP @SkyNews üíâGPs are struggling to provide core services &amp; many have made di‚Ä¶ https://t.co/OWi3ss2OhB,Twitter for Android,Positive,0.776
1.34E+18,New Delhi,13-12-20 8:24,"The first shipments of the #PfizerBioNTech #Covid_19 vaccine will begin arriving in #US states from Monday, an offi‚Ä¶ https://t.co/NEIwVXssHB",Twitter Web App,Neutral,0.491
1.34E+18,"New Delhi, India",13-12-20 7:46,"With numbers likely to get worse over the holidays, the #vaccine is offering a bright spot in the fight against the‚Ä¶ https://t.co/UvFLGGElQK",Twitter Web App,Neutral,0.987
1.34E+18,,13-12-20 7:11,@pfizer Keep up the good work #PfizerBioNTech #Pfizervaccine #PfizerBioNTech #PfizerBiotech #COVID19 #vaccine #coronavirus,Twitter for Android,Neutral,1
1.34E+18,"New Delhi, Delhi",13-12-20 7:08,Health #Canada has warned people allergic to any of the ingredients in the #PfizerBioNTech #COVID19 vaccine not to‚Ä¶ https://t.co/SKldV5UJfe,Twitter for Android,Negative,0.89
1.34E+18,India,13-12-20 7:02,I pucking do not intend to get vaccinated. Wht if my employer force to get vaccinated? Like they did for Arogya Set‚Ä¶ https://t.co/LiJMJ8E7vK,Twitter for Android,Neutral,0.567
1.34E+18,"Cherry Hill, NJ",13-12-20 6:33,Ok I might be late to discovering this but... both #PfizerBioNTech  and #Moderna #COVID19 vaccines are being led by‚Ä¶ https://t.co/c9G8XnyMMy,Twitter for iPhone,Neutral,1
1.34E+18,"309,B No 4, Emaar Busines Park",13-12-20 6:26,"Just hours after being authorized by the #FDA, doses of #PfizerBioNTech #coronavirus #vaccine are being packaged an‚Ä¶ https://t.co/vt3GXp6vaO",Twitter Web App,Neutral,0.727
1.34E+18,USA and Global,13-12-20 6:21,"üî¥ Some #FDA Advisors Tapped to Review #Coronavirus #Vaccines Received Payments from Vaccine Companies
üî∫Just pray th‚Ä¶ https://t.co/owTbvnVcmU",Twitter for iPhone,Neutral,0.835
1.34E+18,91/93Million Miles from the üåû,13-12-20 5:41,"@Breaking911 What a Dumass!!!!,  he did NOT have anything to do with the #PfizerBioNTech vaccine. 

He bet on the w‚Ä¶ https://t.co/dUC9QuiVnl",Twitter for iPhone,Positive,0.842
1.34E+18,"Odisha, India",13-12-20 5:28,"#US States To Start Getting #PfizerBioNTech Covid-19 Vaccine From Monday ##kalingatv #Pfizervaccine 
https://t.co/Wv4BUZ3AF3",Twitter Web App,Neutral,0.341
1.34E+18,"New Delhi, India",13-12-20 5:08,"Corona: Pfizer vaccine approved for use in US on emergency basis
#Pfizervaccine #US #FDA
#PfizerBioNTech #COVID19
https://t.co/eXWHnswsZ5",Twitter for Android,Neutral,0.821
1.34E+18,"Mumbai, India",13-12-20 4:46,"UPS, FedEx Collaborate to Ship Pfizer-BioNTech COVID-19 Vaccines in US
https://t.co/sNMqxpGoCW
#UPS #FedEx‚Ä¶ https://t.co/KSCWcnb6jE",Twitter Web App,Neutral,0.809
1.34E+18,Hyderabad,13-12-20 4:45,US President Donald Trump announced that the vaccine will be free for all Americans and has thanked all the scienti‚Ä¶ https://t.co/hdDrnFABNX,TweetDeck,Neutral,1
1.34E+18,New Delhi-Daman ,13-12-20 4:36,"#AstraZeneca to buy pharmaceutical firm #Alexion for $39 billion

#COVID19vaccine #Pfizer #Pfizervaccine‚Ä¶ https://t.co/zl6gqIvpGW",LinkedIn,Neutral,0.853
1.34E+18,New Delhi,13-12-20 4:34,Health #Canada has warned people allergic to any of the ingredients in the #PfizerBioNTech #COVID19 vaccine not to‚Ä¶ https://t.co/nRxGnPaq9p,Twitter Web App,Negative,0.768
1.34E+18,"New Delhi, India",13-12-20 4:33,"#AstraZeneca to buy pharmaceutical firm #Alexion for $39 billion
https://t.co/c5r0xaDMS1
#COVID19vaccine #Pfizer‚Ä¶ https://t.co/l99JiyQWbj",Twitter Web App,Neutral,0.896
1.34E+18,Venus,13-12-20 4:28,@PMJones14 #PfizerBioNTech  created the vaccine not Trump.  he recommended bleach injections. üò∑,Twitter Web App,Neutral,0.581
1.34E+18,Sri Lanka,13-12-20 4:25,The US public will start receiving the Pfizer/BioNTech coronavirus vaccine from Monday after it was authorised for‚Ä¶ https://t.co/LHc75o9o8q,Twitter Web App,Neutral,0.351
1.34E+18,Sri Lanka,13-12-20 4:24,The US public will start receiving the Pfizer/BioNTech coronavirus vaccine from Monday after it was authorised for‚Ä¶ https://t.co/tyUU4ZSjy1,Twitter Web App,Neutral,0.863
1.34E+18,"Mumbai, India",13-12-20 4:16,Pfizer-BioNTech COVID-19 Vaccine Side Effects: Canada Warns Allergic People Against Pfizer-BioNTech Coronavirus Vac‚Ä¶ https://t.co/4pMEWHlln5,Twitter Web App,Negative,0.758
1.34E+18,NYC,13-12-20 3:49,"@4everNeverTrump @tedcruz You were hatched in Canada 
(2) #PfizerBioNTech vaccine was developed in Germany
(3) Scie‚Ä¶ https://t.co/dBMPRVZZc0",Twitter for Android,Neutral,0.755
1.34E+18,NYC,13-12-20 3:49,"@tedcruz You were hatched in Canada 
(2) #PfizerBioNTech vaccine was developed in Germany
(3) Scientists behind it,‚Ä¶ https://t.co/EAcRUSqvXG",Twitter for Android,Neutral,0.74
1.34E+18,NYC,13-12-20 3:48,"@tedcruz @stoolpresidente You were hatched in Canada 
(2) #PfizerBioNTech vaccine was developed in Germany
(3) Scie‚Ä¶ https://t.co/QlD8JuetTU",Twitter for Android,Neutral,0.978
1.34E+18,,13-12-20 3:46,"Doses of the #PfizerBioNTech vaccine will begin leaving the company's factory in #Kalamazoo #Michigan on Sunday.
Th‚Ä¶ https://t.co/4ZLP943yrW",TweetDeck,Neutral,0.299
1.34E+18,"Mumbai, India",13-12-20 3:30,COVID-19 Vaccine Update: Initial Doses of Pfizer Coronavirus Vaccine in US to Begin from Tomorrow‚Ä¶ https://t.co/o4sxk2mpJU,Twitter Web App,Neutral,1
1.34E+18,"Naperville, IL",13-12-20 3:01,Salute to the #HealthcareHeroes who are risking their life everyday taking care of #COVID patients! May God give th‚Ä¶ https://t.co/rTfnQM9zCq,Twitter for Android,Positive,0.65
1.34E+18,"San Jose, CA (USA)",13-12-20 2:59,"@WSJ Proving the unproven, with time constraints is always hardest.
Great achievement by Pfizer. @pfizer‚Ä¶ https://t.co/CS2aY4VEjT",Twitter Web App,Neutral,0.839
1.34E+18,,13-12-20 2:53,The Canadian guidance for people with allergies to the #PfizerBioNTech #CovidVaccine - since this is still an evolv‚Ä¶ https://t.co/SJpEajkTNu,Twitter for iPhone,Negative,0.298
1.34E+18,"@datop, earth sky moon",13-12-20 2:35,"#Pfizervaccine #PfizerBioNTech
Why #Pfizer is NOT 100% transparent about it? #coronavirus #VaccinesWork‚Ä¶ https://t.co/NjtkWPKqRN",Twitter for Android,Neutral,0.655
1.34E+18,"Kuala Lumpur, Malaysia",13-12-20 2:33,You're wrong: MALAYSIA has already pre-ordered #PfizerBioNTech #COVID19Vaccine (expected in 2021) plus is part of‚Ä¶ https://t.co/bbQ7TnYYYR,Twitter for Android,Neutral,0.502
1.34E+18,London,13-12-20 2:16,"I love high quality infographics for getting across multiple ideas quickly 

Here is an excellent set from The Fact‚Ä¶ https://t.co/XvxYoaF5Ot",Twitter for iPhone,Positive,1
1.34E+18,"Sacramento, CA",13-12-20 1:35,#PfizerBioNTech #COVID19vaccines are prepped for shipment - The Wall Street Journal https://t.co/6owcqRzvC0,Twitter for iPhone,Positive,0.926
1.34E+18,,13-12-20 1:31,"What we can learn from the victory over #Polio
A good refresher on how polio came to an end. 
Let's not forget‚Ä¶ https://t.co/YGAYRu4r2k",Twitter for Android,Neutral,0.497
1.34E+18,England,13-12-20 1:22,Big Pharma has the best interests of those that hold their stock &amp; not patients. #Pfizervaccine #PfizerBioNTech https://t.co/V2PrGIPLyG,Twitter for iPhone,Neutral,0.705
1.34E+18,,13-12-20 1:14,TV ad in 2030: ‚ÄúDid you receive the CV19 vaccine in 2020 or 2021? You are entitled to financial compensation.‚Äù‚Ä¶ https://t.co/UZ0aLO88pI,Twitter for iPhone,Neutral,0.6
1.34E+18,Canada,13-12-20 0:54,"@Sflecce Thank you @CPHO_Canada @PattyHajdu @JustinTrudeau @AnitaOakville for getting this approved, being prepared‚Ä¶ https://t.co/Lcxa8ufSuL",Twitter for iPhone,Positive,0.601
1.34E+18,,13-12-20 0:29,https://t.co/GI3yG92w2J. #Canada ordered enough of the #PfizerBioNTech #vaccine for all of its people- we were too‚Ä¶ https://t.co/LZEMQ2OPTR,Twitter for iPhone,Negative,0.436
1.34E+18,"@datop, earth sky moon",13-12-20 0:18,"#Pfizervaccine #PfizerBioNTech WHAT'S IN THIS #vaccine? Why #Pfizer is NOT 100% transparent about it? 
#coronavirus‚Ä¶ https://t.co/cailFZeyeg",Twitter for Android,Neutral,0.436
1.34E+18,Texas,13-12-20 0:03,"The entire ingredients of the #Pfizervaccine: See, it‚Äôs just like your #BigMac with a splash of a #superpower to fi‚Ä¶ https://t.co/smNkthBZrD",Twitter for iPhone,Neutral,0.342
1.34E+18,"Nottingham, England / üáµüá≠",13-12-20 0:01,"So I can stop wearing a üò∑ weeks after my 2nd #PfizerBioNTech vaccine then?

Curious to use the test after I get vac‚Ä¶ https://t.co/MnI2dyahgd",Twitter for Android,Positive,0.62
1.34E+18,"GP Partner, Watford ",12-12-20 23:52,"@pash22 @caseymross üá¨üáß guidance very clear now:

""Any person with a history of anaphylaxis to a vaccine, medicine o‚Ä¶ https://t.co/cdKtZWFHJ6",Twitter for Android,Neutral,1
1.34E+18,"Locate Varesino, Lombardia",12-12-20 23:44,The reason you don‚Äôt  have Polio is because you were vaccinated against that virus.  Please let‚Äôs embrace Covid vac‚Ä¶ https://t.co/sPkbKUrI06,Twitter for iPhone,Negative,0.485
1.34E+18,,12-12-20 23:31,"Say NO to Covid-19 vaccines!
#vaccine 
#vaccination 
#Pfizervaccine 
#Covid_19 
#PfizerBioNTech 
#CovidVaccines‚Ä¶ https://t.co/sqzD6AMHRw",Twitter for Android,Neutral,0.336
1.34E+18,"GP Partner, Watford ",12-12-20 23:18,@Janey94803852 @Maureenprsb Still seems unclear if we can reconstitute #PfizerBioNTech vials on site @ nursing home‚Ä¶ https://t.co/EOJyBBEtqA,Twitter for Android,Positive,1
1.34E+18,"Colorado Springs, Colorado ",12-12-20 23:13,üôèüèºüôèüèºüôèüèºüôèüèº #FDA #PfizerBioNTech #OperationWarpSpeed #CoronaVaccine #grateful #COVID #Corona FDA approves Pfizer‚Äôs COV‚Ä¶ https://t.co/62sbVi8Rol,Twitter for iPhone,Neutral,0.902
1.34E+18,"DC, Baltimore, New Orleans",12-12-20 23:00,"US #COVID19 #Vaccine Shipments to 'Start Rolling' Sunday https://t.co/BstMMqHtCe via @medscape 
#OperationWarpSpeed‚Ä¶ https://t.co/Y16MRS0FL9",Twitter Web App,Neutral,1
1.34E+18,"DC, Baltimore, New Orleans",12-12-20 22:58,"#FDA Gives Guidance on Allergy, Pregnancy Concerns for #COVID Vaccine https://t.co/ULl8esqkgP via @medscape‚Ä¶ https://t.co/w6ZTpd8zAz",Twitter Web App,Neutral,0.824
1.34E+18,"Silicon Valley, CA",12-12-20 22:36,"The announcement comes after federal authorities granted the Pfizer vaccine emergency use authorization.

Read more‚Ä¶ https://t.co/XP6My3jXvd",Twitter for iPhone,Neutral,0.458
1.34E+18,"New Delhi, India",12-12-20 22:30,#UnitedStates : The Federal Aviation Administration (FAA) said Saturday it had approved the use of the‚Ä¶ https://t.co/xvwUEvZZk2,TweetDeck,Positive,0.958
1.34E+18,,12-12-20 22:17,"https://t.co/Z3j0NbDUbq
US agency authorizes Pfizer-BioNTech COVID-19 vaccine
First vaccine will be administered in‚Ä¶ https://t.co/IiVKLxLPSJ",Twitter Web App,Neutral,1
1.34E+18,"San Francisco, CA",12-12-20 21:59,"New PODCAST: Vaccinating Our Way Out of the Pandemic
@larrybrilliant, @PeterHotez &amp; @RaySuarezNews discuss the‚Ä¶ https://t.co/ZETygVRafP",Twitter Web App,Positive,1
1.34E+18,,12-12-20 21:55,Eric Shawn: The vaccine is here...in record time! https://t.co/Vu2awzLgjM thanks @EricShawnTV @ArthelNeville for al‚Ä¶ https://t.co/qUsLDXGsAX,Twitter for iPhone,Positive,0.644
1.34E+18,"Ottawa, Ontario",12-12-20 21:35,"@tedcruz Facts, Senator! It would be nice to respect your faith and tell the truth. #PfizerBioNTech vaccine was dev‚Ä¶ https://t.co/O0DfuTcKmC",Twitter for iPad,Neutral,0.638
1.34E+18,"New Delhi, India",12-12-20 21:30,#UnitedStates : The Federal Aviation Administration (FAA) said Saturday it had approved the use of the‚Ä¶ https://t.co/Lyq594UEks,TweetDeck,Positive,0.401
1.34E+18,"@datop, earth sky moon",12-12-20 21:26,#vaccine #Pfizervaccine #PfizerBioNTech WHAT'S IN THIS VACCINE? #Pfizer is NOT 100% transparent about it.‚Ä¶ https://t.co/I3aecCJaCy,Twitter for Android,Neutral,0.871
